{
    "OM": [
        [
            0,
            200
        ]
    ],
    "O": [
        [
            426.45000000000005,
            117.00000000000011
        ],
        [
            426.45000000000005,
            516.5500000000011
        ],
        [
            -207.0,
            516.55
        ],
        [
            -207.0,
            117.00000000000003
        ]
    ],
    "DM": [
        [
            0,
            200
        ]
    ],
    "D": [
        [
            426.45000000000005,
            117.00000000000011
        ],
        [
            426.45000000000005,
            516.5500000000011
        ],
        [
            -207.0,
            516.55
        ],
        [
            -207.0,
            117.00000000000003
        ]
    ]
}
