{
    "OM": [
        [
            0, 
            -300
        ], 
        [
            470, 
            -100
        ]
    ], 
    "D": [
        [
            291.49987792968756, 
            -221.63295898437505
        ], 
        [
            520.5, 
            -221.9999267578125
        ], 
        [
            520.5, 
            -140.49994430541992
        ], 
        [
            520.5, 
            7.500055694580084
        ], 
        [
            366.5, 
            7.500055694580084
        ], 
        [
            366.5, 
            -89.00000000000001
        ], 
        [
            366.5, 
            -124.49997558593748
        ], 
        [
            326.99999999999994, 
            -124.49997558593748
        ], 
        [
            277.4998291015625, 
            -124.49997558593748
        ], 
        [
            180.49999999999983, 
            -124.49997558593748
        ], 
        [
            -105.00013427734376, 
            -124.4999755859375
        ], 
        [
            -322.5001220703125, 
            -124.4999755859375
        ], 
        [
            -322.5001220703125, 
            -123.99997558593752
        ], 
        [
            -322.5001220703125, 
            -54.99993896484375
        ], 
        [
            -416.50009765625, 
            -54.99993896484375
        ], 
        [
            -416.50009765625, 
            -74.94635009765625
        ], 
        [
            -416.50009765625, 
            -168.9999267578125
        ], 
        [
            -416.50009765625, 
            -183.5642822265625
        ], 
        [
            -416.50009765625, 
            -214.9999267578125
        ], 
        [
            -416.50009765625, 
            -268.9999267578125
        ], 
        [
            -416.50009765625, 
            -362.47236328125
        ], 
        [
            -416.50009765625, 
            -382.9999267578125
        ], 
        [
            -322.5001220703125, 
            -382.9999267578125
        ], 
        [
            -322.5001220703125, 
            -630.632958984375
        ], 
        [
            -272.5001220703125, 
            -630.632958984375
        ], 
        [
            5.364064788818359, 
            -630.632958984375
        ], 
        [
            105.12652587890624, 
            -630.632958984375
        ], 
        [
            241.49987792968756, 
            -630.632958984375
        ], 
        [
            291.49987792968756, 
            -630.632958984375
        ]
    ], 
    "O": [
        [
            291.49987792968756, 
            -221.63295898437505
        ], 
        [
            520.5, 
            -221.9999267578125
        ], 
        [
            520.5, 
            -140.49994430541992
        ], 
        [
            520.5, 
            7.500055694580084
        ], 
        [
            366.5, 
            7.500055694580084
        ], 
        [
            366.5, 
            -89.00000000000001
        ], 
        [
            366.5, 
            -124.49997558593748
        ], 
        [
            326.99999999999994, 
            -124.49997558593748
        ], 
        [
            277.4998291015625, 
            -124.49997558593748
        ], 
        [
            180.49999999999983, 
            -124.49997558593748
        ], 
        [
            -105.00013427734376, 
            -124.4999755859375
        ], 
        [
            -322.5001220703125, 
            -124.4999755859375
        ], 
        [
            -322.5001220703125, 
            -123.99997558593752
        ], 
        [
            -322.5001220703125, 
            -54.99993896484375
        ], 
        [
            -416.50009765625, 
            -54.99993896484375
        ], 
        [
            -416.50009765625, 
            -74.94635009765625
        ], 
        [
            -416.50009765625, 
            -168.9999267578125
        ], 
        [
            -416.50009765625, 
            -183.5642822265625
        ], 
        [
            -416.50009765625, 
            -214.9999267578125
        ], 
        [
            -416.50009765625, 
            -268.9999267578125
        ], 
        [
            -416.50009765625, 
            -362.47236328125
        ], 
        [
            -416.50009765625, 
            -382.9999267578125
        ], 
        [
            -322.5001220703125, 
            -382.9999267578125
        ], 
        [
            -322.5001220703125, 
            -630.632958984375
        ], 
        [
            -272.5001220703125, 
            -630.632958984375
        ], 
        [
            5.364064788818359, 
            -630.632958984375
        ], 
        [
            105.12652587890624, 
            -630.632958984375
        ], 
        [
            241.49987792968756, 
            -630.632958984375
        ], 
        [
            291.49987792968756, 
            -630.632958984375
        ]
    ]
}