{
    "OM": [
        [
            0, 
            -300
        ], 
        [
            470, 
            -100
        ], 
        [
            0, 
            -300
        ], 
        [
            -200, 
            -600
        ]
    ], 
    "DM": [
        [
            34, 
            -168
        ], 
        [
            435, 
            -6
        ], 
        [
            34, 
            -168
        ], 
        [
            -225, 
            -548
        ]
    ], 
    "D": [
        [
            558.3015869140626, 
            -439.465771484375
        ], 
        [
            558.3015869140626, 
            15.434228515624952
        ], 
        [
            545.00712890625, 
            15.434228515624952
        ], 
        [
            456.2642578125, 
            15.434228515624952
        ], 
        [
            -14.898413085937475, 
            15.434228515624952
        ], 
        [
            -14.898413085937475, 
            40.01428833007813
        ], 
        [
            -14.898413085937475, 
            206.6612060546875
        ], 
        [
            -14.898413085937475, 
            252.7951904296875
        ], 
        [
            -14.898413085937475, 
            334.520947265625
        ], 
        [
            -100.68906860351562, 
            334.520947265625
        ], 
        [
            -113.5984130859375, 
            334.520947265625
        ], 
        [
            -113.5984130859375, 
            240.3375
        ], 
        [
            -113.5984130859375, 
            206.6612060546875
        ], 
        [
            -113.5984130859375, 
            127.15
        ], 
        [
            -113.5984130859375, 
            15.434228515624952
        ], 
        [
            -462.668017578125, 
            15.434228515624952
        ], 
        [
            -462.668017578125, 
            -150.7499999999999
        ], 
        [
            -462.668017578125, 
            -328.5928466796875
        ], 
        [
            -462.668017578125, 
            -362.878564453125
        ], 
        [
            -279.9785888671875, 
            -362.878564453125
        ], 
        [
            -224.9785888671875, 
            -362.878564453125
        ], 
        [
            -224.9785888671875, 
            -408.571435546875
        ], 
        [
            -256.4071533203125, 
            -408.571435546875
        ], 
        [
            -256.4071533203125, 
            -605.94091796875
        ], 
        [
            -146.8984130859375, 
            -605.94091796875
        ], 
        [
            -146.8984130859375, 
            -587.5796875
        ], 
        [
            -113.5984130859375, 
            -587.5796875
        ], 
        [
            -113.5984130859375, 
            -618.5796875
        ], 
        [
            -14.898413085937475, 
            -618.5796875
        ], 
        [
            -14.898413085937475, 
            -550.1796875
        ], 
        [
            -14.898413085937475, 
            -471.29189453125
        ], 
        [
            -14.898413085937475, 
            -439.465771484375
        ]
    ], 
    "O": [
        [
            291.49987792968756, 
            -221.63295898437505
        ], 
        [
            520.5, 
            -221.9999267578125
        ], 
        [
            520.5, 
            -140.49994430541992
        ], 
        [
            520.5, 
            7.500055694580084
        ], 
        [
            366.5, 
            7.500055694580084
        ], 
        [
            366.5, 
            -89.00000000000001
        ], 
        [
            366.5, 
            -124.49997558593748
        ], 
        [
            326.99999999999994, 
            -124.49997558593748
        ], 
        [
            277.4998291015625, 
            -124.49997558593748
        ], 
        [
            180.49999999999983, 
            -124.49997558593748
        ], 
        [
            -105.00013427734376, 
            -124.4999755859375
        ], 
        [
            -322.5001220703125, 
            -124.4999755859375
        ], 
        [
            -322.5001220703125, 
            -123.99997558593752
        ], 
        [
            -322.5001220703125, 
            -54.99993896484375
        ], 
        [
            -416.50009765625, 
            -54.99993896484375
        ], 
        [
            -416.50009765625, 
            -74.94635009765625
        ], 
        [
            -416.50009765625, 
            -168.9999267578125
        ], 
        [
            -416.50009765625, 
            -183.5642822265625
        ], 
        [
            -416.50009765625, 
            -214.9999267578125
        ], 
        [
            -416.50009765625, 
            -268.9999267578125
        ], 
        [
            -416.50009765625, 
            -362.47236328125
        ], 
        [
            -416.50009765625, 
            -382.9999267578125
        ], 
        [
            -322.5001220703125, 
            -382.9999267578125
        ], 
        [
            -322.5001220703125, 
            -630.632958984375
        ], 
        [
            -272.5001220703125, 
            -630.632958984375
        ], 
        [
            5.364064788818359, 
            -630.632958984375
        ], 
        [
            105.12652587890624, 
            -630.632958984375
        ], 
        [
            241.49987792968756, 
            -630.632958984375
        ], 
        [
            291.49987792968756, 
            -630.632958984375
        ]
    ]
}